0,1,2
ps20-456.cpp,ps20-158.cpp,1
ps20-51.cpp,ps20-204.cpp,1
ps20-51.cpp,ps20-452.cpp,1
ps20-324.cpp,ps20-296.cpp,1
ps20-432.cpp,ps20-431.cpp,1
ps20-459.cpp,ps20-458.cpp,1
ps20-434.cpp,ps20-423.cpp,1
ps20-367.cpp,ps20-366.cpp,1
ps20-36.cpp,ps20-31.cpp,1
ps20-319.cpp,ps20-308.cpp,1
ps20-137.cpp,ps20-109.cpp,1
ps20-411.cpp,ps20-331.cpp,1
ps20-321.cpp,ps20-192.cpp,1
ps20-262.cpp,ps20-384.cpp,1
ps20-262.cpp,ps20-11.cpp,1
ps20-262.cpp,ps20-389.cpp,1
ps20-262.cpp,ps20-469.cpp,1
ps20-217.cpp,ps20-95.cpp,1
ps20-217.cpp,ps20-442.cpp,1
ps20-217.cpp,ps20-112.cpp,1
ps20-217.cpp,ps20-274.cpp,1
ps20-217.cpp,ps20-289.cpp,1
ps20-217.cpp,ps20-446.cpp,1
ps20-217.cpp,ps20-59.cpp,1
ps20-163.cpp,ps20-265.cpp,1
ps20-163.cpp,ps20-381.cpp,1
ps20-95.cpp,ps20-442.cpp,1
ps20-95.cpp,ps20-112.cpp,1
ps20-95.cpp,ps20-446.cpp,1
ps20-95.cpp,ps20-200.cpp,1
ps20-484.cpp,ps20-451.cpp,1
ps20-207.cpp,ps20-205.cpp,1
ps20-422.cpp,ps20-435.cpp,1
ps20-422.cpp,ps20-103.cpp,1
ps20-468.cpp,ps20-460.cpp,1
ps20-223.cpp,ps20-333.cpp,1
ps20-223.cpp,ps20-490.cpp,1
ps20-223.cpp,ps20-176.cpp,1
ps20-223.cpp,ps20-343.cpp,1
ps20-223.cpp,ps20-111.cpp,1
ps20-223.cpp,ps20-18.cpp,1
ps20-223.cpp,ps20-384.cpp,1
ps20-223.cpp,ps20-465.cpp,1
ps20-390.cpp,ps20-379.cpp,1
ps20-176.cpp,ps20-465.cpp,1
ps20-176.cpp,ps20-318.cpp,1
ps20-176.cpp,ps20-389.cpp,1
ps20-176.cpp,ps20-279.cpp,1
ps20-89.cpp,ps20-140.cpp,1
ps20-368.cpp,ps20-337.cpp,1
ps20-293.cpp,ps20-184.cpp,1
ps20-198.cpp,ps20-430.cpp,1
ps20-198.cpp,ps20-445.cpp,1
ps20-198.cpp,ps20-157.cpp,1
ps20-452.cpp,ps20-204.cpp,1
ps20-452.cpp,ps20-244.cpp,1
ps20-148.cpp,ps20-145.cpp,1
ps20-172.cpp,ps20-153.cpp,1
ps20-43.cpp,ps20-30.cpp,1
ps20-70.cpp,ps20-6.cpp,1
ps20-60.cpp,ps20-224.cpp,1
ps20-60.cpp,ps20-335.cpp,1
ps20-60.cpp,ps20-287.cpp,1
ps20-60.cpp,ps20-110.cpp,1
ps20-255.cpp,ps20-175.cpp,1
ps20-444.cpp,ps20-289.cpp,1
ps20-490.cpp,ps20-421.cpp,1
ps20-490.cpp,ps20-111.cpp,1
ps20-490.cpp,ps20-18.cpp,1
ps20-349.cpp,ps20-425.cpp,1
ps20-349.cpp,ps20-373.cpp,1
ps20-465.cpp,ps20-318.cpp,1
ps20-364.cpp,ps20-363.cpp,1
ps20-347.cpp,ps20-193.cpp,1
ps20-376.cpp,ps20-168.cpp,1
ps20-75.cpp,ps20-485.cpp,1
ps20-274.cpp,ps20-25.cpp,1
ps20-346.cpp,ps20-265.cpp,1
ps20-450.cpp,ps20-161.cpp,1
ps20-59.cpp,ps20-146.cpp,1
ps20-389.cpp,ps20-279.cpp,1
ps20-136.cpp,ps20-130.cpp,1
ps20-18.cpp,ps20-111.cpp,1
ps20-469.cpp,ps20-11.cpp,1
ps20-286.cpp,ps20-220.cpp,1
ps20-286.cpp,ps20-164.cpp,1
ps20-131.cpp,ps20-124.cpp,1
ps20-0.cpp,ps20-114.cpp,0
ps20-1.cpp,ps20-232.cpp,0
ps20-2.cpp,ps20-253.cpp,0
ps20-3.cpp,ps20-441.cpp,0
ps20-4.cpp,ps20-171.cpp,0
ps20-5.cpp,ps20-78.cpp,0
ps20-7.cpp,ps20-159.cpp,0
ps20-8.cpp,ps20-134.cpp,0
ps20-9.cpp,ps20-492.cpp,0
ps20-10.cpp,ps20-212.cpp,0
ps20-12.cpp,ps20-427.cpp,0
ps20-13.cpp,ps20-306.cpp,0
ps20-14.cpp,ps20-177.cpp,0
ps20-15.cpp,ps20-210.cpp,0
ps20-16.cpp,ps20-216.cpp,0
ps20-17.cpp,ps20-105.cpp,0
ps20-19.cpp,ps20-239.cpp,0
ps20-20.cpp,ps20-214.cpp,0
ps20-21.cpp,ps20-48.cpp,0
ps20-22.cpp,ps20-295.cpp,0
ps20-23.cpp,ps20-41.cpp,0
ps20-24.cpp,ps20-325.cpp,0
ps20-26.cpp,ps20-487.cpp,0
ps20-27.cpp,ps20-45.cpp,0
ps20-28.cpp,ps20-320.cpp,0
ps20-29.cpp,ps20-50.cpp,0
ps20-32.cpp,ps20-210.cpp,0
ps20-33.cpp,ps20-156.cpp,0
ps20-34.cpp,ps20-355.cpp,0
ps20-35.cpp,ps20-108.cpp,0
ps20-37.cpp,ps20-339.cpp,0
ps20-38.cpp,ps20-243.cpp,0
ps20-39.cpp,ps20-436.cpp,0
ps20-40.cpp,ps20-387.cpp,0
ps20-41.cpp,ps20-320.cpp,0
ps20-42.cpp,ps20-29.cpp,0
ps20-44.cpp,ps20-358.cpp,0
ps20-45.cpp,ps20-82.cpp,0
ps20-46.cpp,ps20-47.cpp,0
ps20-47.cpp,ps20-37.cpp,0
ps20-48.cpp,ps20-487.cpp,0
ps20-49.cpp,ps20-116.cpp,0
ps20-50.cpp,ps20-174.cpp,0
ps20-52.cpp,ps20-214.cpp,0
ps20-53.cpp,ps20-306.cpp,0
ps20-54.cpp,ps20-336.cpp,0
ps20-55.cpp,ps20-211.cpp,0
ps20-56.cpp,ps20-282.cpp,0
ps20-57.cpp,ps20-487.cpp,0
ps20-58.cpp,ps20-7.cpp,0
ps20-61.cpp,ps20-28.cpp,0
ps20-62.cpp,ps20-479.cpp,0
ps20-63.cpp,ps20-290.cpp,0
ps20-64.cpp,ps20-397.cpp,0
ps20-65.cpp,ps20-54.cpp,0
ps20-66.cpp,ps20-414.cpp,0
ps20-67.cpp,ps20-388.cpp,0
ps20-68.cpp,ps20-438.cpp,0
ps20-69.cpp,ps20-419.cpp,0
ps20-71.cpp,ps20-334.cpp,0
ps20-72.cpp,ps20-241.cpp,0
ps20-73.cpp,ps20-15.cpp,0
ps20-74.cpp,ps20-79.cpp,0
ps20-76.cpp,ps20-398.cpp,0
ps20-77.cpp,ps20-87.cpp,0
ps20-78.cpp,ps20-253.cpp,0
ps20-79.cpp,ps20-454.cpp,0
ps20-80.cpp,ps20-123.cpp,0
ps20-81.cpp,ps20-127.cpp,0
ps20-82.cpp,ps20-266.cpp,0
ps20-83.cpp,ps20-208.cpp,0
ps20-84.cpp,ps20-374.cpp,0
ps20-85.cpp,ps20-454.cpp,0
ps20-86.cpp,ps20-440.cpp,0
ps20-87.cpp,ps20-437.cpp,0
ps20-88.cpp,ps20-453.cpp,0
ps20-90.cpp,ps20-298.cpp,0
ps20-91.cpp,ps20-311.cpp,0
ps20-92.cpp,ps20-251.cpp,0
ps20-93.cpp,ps20-375.cpp,0
ps20-94.cpp,ps20-397.cpp,0
ps20-96.cpp,ps20-57.cpp,0
ps20-97.cpp,ps20-212.cpp,0
ps20-98.cpp,ps20-58.cpp,0
ps20-99.cpp,ps20-33.cpp,0
ps20-100.cpp,ps20-449.cpp,0
ps20-101.cpp,ps20-239.cpp,0
ps20-102.cpp,ps20-449.cpp,0
ps20-104.cpp,ps20-371.cpp,0
ps20-105.cpp,ps20-84.cpp,0
ps20-106.cpp,ps20-63.cpp,0
ps20-107.cpp,ps20-119.cpp,0
ps20-108.cpp,ps20-152.cpp,0
ps20-113.cpp,ps20-174.cpp,0
ps20-114.cpp,ps20-132.cpp,0
ps20-115.cpp,ps20-127.cpp,0
ps20-116.cpp,ps20-292.cpp,0
ps20-117.cpp,ps20-292.cpp,0
ps20-118.cpp,ps20-466.cpp,0
ps20-119.cpp,ps20-268.cpp,0
ps20-120.cpp,ps20-392.cpp,0
ps20-121.cpp,ps20-397.cpp,0
ps20-122.cpp,ps20-242.cpp,0
ps20-123.cpp,ps20-307.cpp,0
ps20-125.cpp,ps20-270.cpp,0
ps20-126.cpp,ps20-382.cpp,0
ps20-127.cpp,ps20-461.cpp,0
ps20-128.cpp,ps20-348.cpp,0
ps20-129.cpp,ps20-233.cpp,0
ps20-132.cpp,ps20-81.cpp,0
ps20-133.cpp,ps20-45.cpp,0
ps20-134.cpp,ps20-339.cpp,0
ps20-135.cpp,ps20-98.cpp,0
ps20-138.cpp,ps20-297.cpp,0
ps20-139.cpp,ps20-149.cpp,0
ps20-141.cpp,ps20-45.cpp,0
ps20-142.cpp,ps20-455.cpp,0
ps20-143.cpp,ps20-62.cpp,0
ps20-144.cpp,ps20-189.cpp,0
ps20-147.cpp,ps20-492.cpp,0
ps20-149.cpp,ps20-48.cpp,0
ps20-150.cpp,ps20-173.cpp,0
ps20-151.cpp,ps20-94.cpp,0
ps20-152.cpp,ps20-467.cpp,0
ps20-154.cpp,ps20-34.cpp,0
ps20-155.cpp,ps20-266.cpp,0
ps20-156.cpp,ps20-398.cpp,0
ps20-159.cpp,ps20-186.cpp,0
ps20-160.cpp,ps20-256.cpp,0
ps20-162.cpp,ps20-437.cpp,0
ps20-165.cpp,ps20-85.cpp,0
ps20-166.cpp,ps20-180.cpp,0
ps20-167.cpp,ps20-35.cpp,0
ps20-169.cpp,ps20-127.cpp,0
ps20-170.cpp,ps20-54.cpp,0
ps20-171.cpp,ps20-267.cpp,0
ps20-173.cpp,ps20-406.cpp,0
ps20-174.cpp,ps20-38.cpp,0
ps20-177.cpp,ps20-339.cpp,0
ps20-178.cpp,ps20-225.cpp,0
ps20-179.cpp,ps20-439.cpp,0
ps20-180.cpp,ps20-249.cpp,0
ps20-181.cpp,ps20-106.cpp,0
ps20-182.cpp,ps20-100.cpp,0
ps20-183.cpp,ps20-259.cpp,0
ps20-185.cpp,ps20-482.cpp,0
ps20-186.cpp,ps20-441.cpp,0
ps20-187.cpp,ps20-300.cpp,0
ps20-188.cpp,ps20-353.cpp,0
ps20-189.cpp,ps20-283.cpp,0
ps20-190.cpp,ps20-290.cpp,0
ps20-191.cpp,ps20-113.cpp,0
ps20-194.cpp,ps20-268.cpp,0
ps20-195.cpp,ps20-179.cpp,0
ps20-196.cpp,ps20-388.cpp,0
ps20-197.cpp,ps20-29.cpp,0
ps20-199.cpp,ps20-439.cpp,0
ps20-201.cpp,ps20-218.cpp,0
ps20-202.cpp,ps20-56.cpp,0
ps20-203.cpp,ps20-290.cpp,0
ps20-206.cpp,ps20-380.cpp,0
ps20-208.cpp,ps20-73.cpp,0
ps20-209.cpp,ps20-33.cpp,0
ps20-210.cpp,ps20-391.cpp,0
ps20-211.cpp,ps20-101.cpp,0
ps20-212.cpp,ps20-477.cpp,0
ps20-213.cpp,ps20-173.cpp,0
ps20-214.cpp,ps20-254.cpp,0
ps20-215.cpp,ps20-147.cpp,0
ps20-216.cpp,ps20-165.cpp,0
ps20-218.cpp,ps20-441.cpp,0
ps20-219.cpp,ps20-303.cpp,0
ps20-221.cpp,ps20-187.cpp,0
ps20-222.cpp,ps20-420.cpp,0
ps20-225.cpp,ps20-149.cpp,0
ps20-226.cpp,ps20-16.cpp,0
ps20-227.cpp,ps20-77.cpp,0
ps20-228.cpp,ps20-253.cpp,0
ps20-229.cpp,ps20-429.cpp,0
ps20-230.cpp,ps20-372.cpp,0
ps20-231.cpp,ps20-320.cpp,0
ps20-232.cpp,ps20-34.cpp,0
ps20-233.cpp,ps20-260.cpp,0
ps20-234.cpp,ps20-385.cpp,0
ps20-235.cpp,ps20-243.cpp,0
ps20-236.cpp,ps20-185.cpp,0
ps20-237.cpp,ps20-245.cpp,0
ps20-238.cpp,ps20-143.cpp,0
ps20-239.cpp,ps20-457.cpp,0
ps20-240.cpp,ps20-372.cpp,0
ps20-241.cpp,ps20-185.cpp,0
ps20-242.cpp,ps20-113.cpp,0
ps20-243.cpp,ps20-129.cpp,0
ps20-245.cpp,ps20-52.cpp,0
ps20-246.cpp,ps20-315.cpp,0
ps20-247.cpp,ps20-123.cpp,0
ps20-248.cpp,ps20-227.cpp,0
ps20-249.cpp,ps20-236.cpp,0
ps20-250.cpp,ps20-453.cpp,0
ps20-251.cpp,ps20-429.cpp,0
ps20-252.cpp,ps20-66.cpp,0
ps20-253.cpp,ps20-49.cpp,0
ps20-254.cpp,ps20-276.cpp,0
ps20-256.cpp,ps20-463.cpp,0
ps20-257.cpp,ps20-57.cpp,0
ps20-258.cpp,ps20-151.cpp,0
ps20-259.cpp,ps20-15.cpp,0
ps20-260.cpp,ps20-447.cpp,0
ps20-261.cpp,ps20-305.cpp,0
ps20-263.cpp,ps20-292.cpp,0
ps20-264.cpp,ps20-362.cpp,0
ps20-266.cpp,ps20-57.cpp,0
ps20-267.cpp,ps20-405.cpp,0
ps20-268.cpp,ps20-84.cpp,0
ps20-269.cpp,ps20-234.cpp,0
ps20-270.cpp,ps20-38.cpp,0
ps20-271.cpp,ps20-79.cpp,0
ps20-272.cpp,ps20-55.cpp,0
ps20-273.cpp,ps20-179.cpp,0
ps20-275.cpp,ps20-1.cpp,0
ps20-276.cpp,ps20-2.cpp,0
ps20-277.cpp,ps20-300.cpp,0
ps20-278.cpp,ps20-210.cpp,0
ps20-280.cpp,ps20-263.cpp,0
ps20-281.cpp,ps20-225.cpp,0
ps20-282.cpp,ps20-166.cpp,0
ps20-283.cpp,ps20-47.cpp,0
ps20-284.cpp,ps20-320.cpp,0
ps20-285.cpp,ps20-303.cpp,0
ps20-288.cpp,ps20-230.cpp,0
ps20-290.cpp,ps20-33.cpp,0
ps20-291.cpp,ps20-143.cpp,0
ps20-292.cpp,ps20-3.cpp,0
ps20-294.cpp,ps20-77.cpp,0
ps20-295.cpp,ps20-120.cpp,0
ps20-297.cpp,ps20-474.cpp,0
ps20-298.cpp,ps20-375.cpp,0
ps20-299.cpp,ps20-165.cpp,0
ps20-300.cpp,ps20-433.cpp,0
ps20-301.cpp,ps20-50.cpp,0
ps20-302.cpp,ps20-399.cpp,0
ps20-303.cpp,ps20-76.cpp,0
ps20-304.cpp,ps20-7.cpp,0
ps20-305.cpp,ps20-49.cpp,0
ps20-306.cpp,ps20-371.cpp,0
ps20-307.cpp,ps20-50.cpp,0
ps20-309.cpp,ps20-179.cpp,0
ps20-310.cpp,ps20-455.cpp,0
ps20-311.cpp,ps20-397.cpp,0
ps20-312.cpp,ps20-273.cpp,0
ps20-313.cpp,ps20-92.cpp,0
ps20-314.cpp,ps20-64.cpp,0
ps20-315.cpp,ps20-208.cpp,0
ps20-316.cpp,ps20-311.cpp,0
ps20-317.cpp,ps20-232.cpp,0
ps20-320.cpp,ps20-481.cpp,0
ps20-322.cpp,ps20-229.cpp,0
ps20-323.cpp,ps20-151.cpp,0
ps20-325.cpp,ps20-414.cpp,0
ps20-326.cpp,ps20-88.cpp,0
ps20-327.cpp,ps20-254.cpp,0
ps20-328.cpp,ps20-233.cpp,0
ps20-329.cpp,ps20-96.cpp,0
ps20-330.cpp,ps20-81.cpp,0
ps20-332.cpp,ps20-405.cpp,0
ps20-334.cpp,ps20-237.cpp,0
ps20-336.cpp,ps20-251.cpp,0
ps20-338.cpp,ps20-169.cpp,0
ps20-339.cpp,ps20-142.cpp,0
ps20-340.cpp,ps20-122.cpp,0
ps20-341.cpp,ps20-243.cpp,0
ps20-342.cpp,ps20-55.cpp,0
ps20-344.cpp,ps20-180.cpp,0
ps20-345.cpp,ps20-267.cpp,0
ps20-348.cpp,ps20-414.cpp,0
ps20-350.cpp,ps20-301.cpp,0
ps20-351.cpp,ps20-7.cpp,0
ps20-352.cpp,ps20-433.cpp,0
ps20-353.cpp,ps20-13.cpp,0
ps20-354.cpp,ps20-370.cpp,0
ps20-355.cpp,ps20-186.cpp,0
ps20-356.cpp,ps20-243.cpp,0
ps20-357.cpp,ps20-427.cpp,0
ps20-358.cpp,ps20-33.cpp,0
ps20-359.cpp,ps20-20.cpp,0
ps20-360.cpp,ps20-250.cpp,0
ps20-361.cpp,ps20-160.cpp,0
ps20-362.cpp,ps20-44.cpp,0
ps20-365.cpp,ps20-10.cpp,0
ps20-369.cpp,ps20-65.cpp,0
ps20-370.cpp,ps20-117.cpp,0
ps20-371.cpp,ps20-380.cpp,0
ps20-372.cpp,ps20-404.cpp,0
ps20-374.cpp,ps20-180.cpp,0
ps20-375.cpp,ps20-122.cpp,0
ps20-377.cpp,ps20-391.cpp,0
ps20-378.cpp,ps20-179.cpp,0
ps20-380.cpp,ps20-67.cpp,0
ps20-382.cpp,ps20-374.cpp,0
ps20-383.cpp,ps20-360.cpp,0
ps20-385.cpp,ps20-392.cpp,0
ps20-386.cpp,ps20-403.cpp,0
ps20-387.cpp,ps20-405.cpp,0
ps20-388.cpp,ps20-457.cpp,0
ps20-391.cpp,ps20-486.cpp,0
ps20-392.cpp,ps20-187.cpp,0
ps20-393.cpp,ps20-354.cpp,0
ps20-394.cpp,ps20-428.cpp,0
ps20-395.cpp,ps20-45.cpp,0
ps20-396.cpp,ps20-77.cpp,0
ps20-397.cpp,ps20-417.cpp,0
ps20-398.cpp,ps20-377.cpp,0
ps20-399.cpp,ps20-356.cpp,0
ps20-400.cpp,ps20-254.cpp,0
ps20-401.cpp,ps20-17.cpp,0
ps20-402.cpp,ps20-457.cpp,0
ps20-403.cpp,ps20-61.cpp,0
ps20-404.cpp,ps20-453.cpp,0
ps20-405.cpp,ps20-254.cpp,0
ps20-406.cpp,ps20-493.cpp,0
ps20-407.cpp,ps20-310.cpp,0
ps20-408.cpp,ps20-219.cpp,0
ps20-409.cpp,ps20-201.cpp,0
ps20-410.cpp,ps20-438.cpp,0
ps20-412.cpp,ps20-85.cpp,0
ps20-413.cpp,ps20-358.cpp,0
ps20-414.cpp,ps20-99.cpp,0
ps20-416.cpp,ps20-108.cpp,0
ps20-417.cpp,ps20-427.cpp,0
ps20-418.cpp,ps20-466.cpp,0
ps20-419.cpp,ps20-271.cpp,0
ps20-420.cpp,ps20-87.cpp,0
ps20-424.cpp,ps20-14.cpp,0
ps20-426.cpp,ps20-360.cpp,0
ps20-427.cpp,ps20-241.cpp,0
ps20-428.cpp,ps20-83.cpp,0
ps20-429.cpp,ps20-151.cpp,0
ps20-433.cpp,ps20-55.cpp,0
ps20-436.cpp,ps20-218.cpp,0
ps20-437.cpp,ps20-250.cpp,0
ps20-438.cpp,ps20-212.cpp,0
ps20-439.cpp,ps20-474.cpp,0
ps20-440.cpp,ps20-480.cpp,0
ps20-441.cpp,ps20-378.cpp,0
ps20-443.cpp,ps20-259.cpp,0
ps20-447.cpp,ps20-208.cpp,0
ps20-448.cpp,ps20-189.cpp,0
ps20-449.cpp,ps20-372.cpp,0
ps20-453.cpp,ps20-282.cpp,0
ps20-454.cpp,ps20-23.cpp,0
ps20-455.cpp,ps20-466.cpp,0
ps20-457.cpp,ps20-3.cpp,0
ps20-461.cpp,ps20-260.cpp,0
ps20-462.cpp,ps20-407.cpp,0
ps20-463.cpp,ps20-454.cpp,0
ps20-464.cpp,ps20-463.cpp,0
ps20-466.cpp,ps20-118.cpp,0
ps20-467.cpp,ps20-73.cpp,0
ps20-470.cpp,ps20-196.cpp,0
ps20-471.cpp,ps20-273.cpp,0
ps20-472.cpp,ps20-464.cpp,0
ps20-473.cpp,ps20-250.cpp,0
ps20-474.cpp,ps20-162.cpp,0
ps20-475.cpp,ps20-241.cpp,0
ps20-476.cpp,ps20-160.cpp,0
ps20-477.cpp,ps20-190.cpp,0
ps20-478.cpp,ps20-325.cpp,0
ps20-479.cpp,ps20-260.cpp,0
ps20-480.cpp,ps20-242.cpp,0
ps20-481.cpp,ps20-174.cpp,0
ps20-482.cpp,ps20-22.cpp,0
ps20-483.cpp,ps20-396.cpp,0
ps20-486.cpp,ps20-334.cpp,0
ps20-487.cpp,ps20-58.cpp,0
ps20-488.cpp,ps20-362.cpp,0
ps20-489.cpp,ps20-155.cpp,0
ps20-491.cpp,ps20-241.cpp,0
ps20-492.cpp,ps20-135.cpp,0
ps20-493.cpp,ps20-471.cpp,0
ps20-494.cpp,ps20-414.cpp,0
ps20-495.cpp,ps20-82.cpp,0
ps20-496.cpp,ps20-311.cpp,0
ps20-497.cpp,ps20-408.cpp,0
ps20-498.cpp,ps20-371.cpp,0
